user,gender_expert
Prof,M
Yer_sub,F
slayer,M
Гулька,F
hulio,M
Pofigist,M
fedechka,M
Claire,F
penartur2,M
DizzyDen,M
gadfather,M
Toshik,M
kaiserin,F
Panzer,M
олути,F
Pase4nik,M
glebius,M
Tuckk,M
NePutin,M
sokol,M
MumiY,M
DarkGray,M
Bachan,M
kobold,M
Kudreashka_Siu,F
Dmitriy_Fox,M
wildschwein,M
golovorez,M
KOHTPA,M
only,F
ayvango,M
Precious,M
Sherkhan,M
galich,M
DaGe,M
janis,F
size_18,M
Reinheitsgebot,M
Flooderast,M
SuperBizZzon,M
krjak,M
Midget,F
dussander,M
Mondragon,M
Pastushok,M
New_Observer,M
DSp,M
summersun,F
ismolnik,M
rbl-rbl-rbl,M
SMG2,M
Bubbleguy,M
blind,M
Foks,M
Yupiter,M
The_Nameless_One,M
Sigma,M
KOMEHdA,M
ilia,M
set_by_set,M
ssestrenka,F
Kach,M
Demetr,M
albir,M
Dimmler,M
Vasaska,M
rebel_yv,M
janisha,F
Wolfhound_Gelert,M
ehvoki,F
didididin,F
smileru,F
KPblC,M
Lea,F
Lelitsche,F
Kulliky,F
PoISoN,M
Tars,M
Rad,M
Kosh,M
Jobur,M
sleepless,F
pbull,M
Bagirka,F
Stalker_s,M
darm,M
Brakonier,M
apafelak,M
sigurd,M
Robin,M
Hilbert,M
TsG,M
wanson,M
mr_tron,M
fidel,M
ais,M
Ok©,F
Maxik,M
jesus,M
Vally,M
Goblin,M
Gluk,M
Shurik,M
Nerg,M
fmc,M
mayflower,M
ksa,M
Hercules,M
MillsDarden,M
Basilio,M
Vanda_Blessen,M
ain_soph,M
Riamella,F
Sirenia,F
iDvs,M
Konfetik,F
igor,M
pelot,M
avercyh,F
siliconec,M
Ortofin,M
Bendis,F
Forest,M
3a9I,M
vnk99,M
Starling,M
Nice_Rabbit,F
zork,M
dinara,F
Best,F
Solaris,M
420,M
TDV,M
lo_ly,F
ifigeniya,F
ManMachine,M
pejon,M
Bobrovnikov,M
bodryachog,M
Gmill,M
Walkman,M
loki22,F
kollega,M
Mo3r,M
Ajbka,M
nafig_batat,M
CIIEPMATO3ABP,M
Buh,M
Zefir,M
xamarim,M
SerW,M
Kirya,M
ggg,M
darktemplar,M
lavender,F
Che,M
dragon_fly,M
katobr,M
QUE,F
Serik,M
DeeJay,M
heGoat,M
Antoxxxa,M
Kivi,M
Gonobobel,M
Koryan,M
bona,F
Owen,M
TooBooS,M
zavhoz,M
Murzik,M
Barsukan,M
mex3,F
msu_td,M
Raccoon,F
Rust,M
Rony,F
Loks,M
Soul,M
deap,M
bayaderka,F
bmv,M
aleu,F
Shandelzare,M
deovi,M
Voice,M
blond,F
frag_,M
C4eT4uK,M
ruslan,M
Shani,F
Morly,F
Fj_,M
Genry,M
Fenek,M
aiurka,M
Violet,F
truljalja,M
Bio,M
MOHAX,M
Gono,M
lama,M
Rebekka,F
LLIMblrA,M
aroma,M
Mike,M
Zx48k,M
moard,M
Kai,M
Justrolling,M
Eric_Cartman,M
alpha,F
Dan_Te,M
Tarass,M
Rotor55555,M
Poru,M
Svetik,F
Zoobastik,M
Moo_Shu,M
Idle,M
VVD,M
Korvin,M
v743,M
Irochka,F
Therion,M
aliencrowdman,M
n0max,M
Into,M
ProFF,M
Lynn,F
ShOlegG,M
zai4enok,F
XPEH,M
Xantor,M
Shhhhh,F
AHTOlllKA,M
Puzoter,M
Rys,M
Soldier,M
Dolsi,F
camay,F
BLR,M
Alkan,M
Bounty,M
Krasin,M
tamika,F
move,F
rattus,F
Banzay,M
_vj_,M
integer,M
Reily,F
cepesh,M
metall,M
Raf,M
Sheff,F
prozector,M
DDESY,M
Din,F
Xman,M
MIG29,M
darmoed,M
Visp,M
reddish,F
K6O6T613,M
TaVi,F
xandr,M
porcupine,M
Marques,M
Lanfir,F
Rialto,M
Serge,M
maloi,M
Ling_link,M
LLong,M
SCHUMI,M
muxaun,M
termik,M
Shurick,M
oleg17,M
apprentice,M
vtok,M
savrus,M
Salmo,M
physic,M
Sofija,F
Tray,M
Menz,M
RODNIK,M
Bosmanoff,M
utiputiman,M
Peppy,F
pontcha,F
FireWitch,M
Disaster,F
GrizzL,M
ka4ello,M
penartur,M
Gyzel,F
myslenkov,M
Fedos,M
Малевич,M
Joe_Bishop,M
ethery,F
SNezhny_Max,M
plop,M
Robinzon,M
Fry,M
Wowchik,M
malysh_bo,F
TufonKin,M
Pooh,M
Chamrajnagar,M
kirka,M
Stop,M
prop,M
sasha_n,M
ajil,M
leximius,M
key4,M
niman,M
gizm0,M
Midori,M
Splinter,M
Diler,M
and21chuv,M
ciaa,M
Covax,M
zolotce,F
IoneAlex,M
Geriko,M
dimarik,M
Burzum,M
Relish,F
malloc,M
nelenivy,M
MardJane,F
adm05772,M
Keres,M
Zeke,M
Dero,M
Dr_Garic,M
Polinka,F
Sanka,F
C3M,M
Maxus,M
Rojer,M
Rokhan,M
boatswain,M
sap,M
MegaZoiD,M
photograff,M
NetLenka,F
stalker,M
Pasha_msu,M
KOO,M
PingUIN,M
horror,M
vict0r,M
deuced,M
Mafia,F
ilovesil,M
Shatik,M
LLIHYPOK,M
Vovkaii,M
fmn1,M
KPEBETKO,F
F4nt0M,M
maximka,M
Stepan13,M
Braindead,M
kernel386,M
Liya,F
Skalolaz,M
Filosof,M
M_and_M,F
JUnit,M
rebrov,M
xerurg,M
AkshaD,F
spiritka,F
kuzia,F
nikss,F
paa11,M
Denis_mm,M
Malina_lina,F
NaivePrince,M
Lesik,F
Neutral,F
Shao,F
Abigor,M
andpar,M
darling,M
omma,M
Fiona2,F
Philivia,F
Atmc,M
ZaruB,M
Olichka,F
DrTomb,M
Sergey,M
nop,M
Flossy,F
Driver,M
Sevurrrra,M
Kimkin,F
madkroz,M
sentient,M
No_Romance,M
lehainamt,M
delfa,M
Wintermute,M
Viland,M
talking,M
kurogato,M
Pablito,M
Rainman_V,M
akina,F
Vilka,F
RnR,M
mazay,M
TanushkA,F
Swap,M
Burjui,M
SunnyCat,F
Nastenka,F
Shluxa,M
enzo,M
Sauron_The_Great,M
Fichte,M
olleg,M
Kubanskaya_vydra,F
kurator,M
Volcano,M
sha,F
Mot,F
LooAprilLee,F
Makaveli,M
Orile,F
gadina,F
Chief,M
MirnyiAtom,M
yanys,M
bober,M
fgo,M
Tolstyak,M
xar4enkkoff,M
Marselia,F
leq,F
fotograf,M
iarspider,M
FIL,M
kernel,M
Fury,M
Kolya,M
Star,M
GZ,M
chunky_bacon,M
Олежка,M
StasyarinaLove,F
Partizan,M
Northman,M
sprivetom,F
holovatka,F
Alexuss,M
Rolnik,M
LaGatta,F
KOHCTPYKTOP,M
Yanichar,M
Komi4,M
mr_knyaz,M
Aska_Langley,M
Diver,M
DeeMon,M
DDD2,M
quinn,M
zerocool,M
Friend_of_mine,M
pawlo,M
Nebrus,F
Stoyakovich,M
Letka_Enka,F
Maverick,M
SerjK,M
Kiccmi,F
FreeV,M
olzhabala,M
whitewater,M
Alexx_k,M
Jessie,F
shketik,F
Merzik,M
luseg,M
karlson,M
gudok,M
Gerro,F
munchkin,F
turhen,F
Vega86,F
kashtanka,F
blykynqp,M
psa,M
dioksan,M
zlojzoj,M
Peyotl,M
6_Lesni4ij,M
xzxz,F
another,M
penartur5,M
Volv,M
5hpongle,M
WinterSun,M
ilona,F
Atlantika,F
Xo6iTT_LutTiY,M
givte,M
Aquamarine,F
Vadimfo,M
xdeller,M
FBMBikeCo,M
shilovsn,M
ilya,M
Aix_D,M
Elderos,M
Alter_Ego,M
Aska,M
Kseniya1,F
earl,M
bepcyc,M
MasterD,M
SeaQuest,M
Camomile,F
Valeriya_,F
anbal,M
axell,M
a1exey1,M
Lenchik,F
superbot,M
babo4ka,F
pykovinaka,F
M_K,M
ne_tot_nik,F
Paloma_Blanca,F
Rebble,M
kakaxa,M
EN1GMA,M
Shiver,M
sWIN,M
EDtech,M
Deathstar,M
laine,F
Leron,M
Butuzov,M
Truefet,M
classical,M
bean,M
viii2viii,M
Zod1aC,M
zabeyka,M
Irbis,M
Shur,M
FlipTale,M
Avgur,M
Light_Kitten,M
Penny_Lane_,F
aldeBARAN,M
FOX,M
Tiny_fish,F
fedul,M
BECEJIb4AK_U,M
skai,M
moonlit,F
Ula,F
Sendman,M
Dj_,M
skot4,M
Errante,F
LoneWolf,M
st1111,M
fr_mi,M
vasja_kot,M
zxcvb,M
mitya,M
msu,M
71201010,M
ButuZZZov,M
den,M
MLADSHIY,M
AMOUR,M
Tatiana,F
maksimoff,M
dejohn,M
Frau_Natalia,M
Ulkka,F
lomik,M
Lancelot,M
maratrus,M
Tassadar,M
Plohish,M
oxy,F
MEDVJED,M
ilyamaltian,M
PRRoman3,M
Red_Diablo,M
Tasha,F
hamstermsu,F
Serg,M
Phosphor,M
Gregori,M
Antarctic,M
magus,M
cmf,M
Shatka,F
Cheb,M
Razr974,M
charity,F
Ultimatum89,M
evoker,M
MiB,M
chinhngt,M
ViP,M
Beauty,F
Valkirija,F
Sash,M